"Mean","SD","IQR","Min","Max","Skewness","Kurtosis","n","n_Missing"
7758.33333333333,1642.58881038439,2722,6115,10833,0.925337216956582,-0.0863261828672502,9,0
