"Mean","SD","IQR","Min","Max","Skewness","Kurtosis","n","n_Missing"
7009,1745.36743982463,2559.5,5380,10630,1.23849884818763,1.12313012598549,9,0
