"Mean","SD","IQR","Min","Max","Skewness","Kurtosis","n","n_Missing"
3441.73684210526,1797.92509552618,3407,320,6180,-0.42404653161269,-1.24993588943583,19,0
