"Mean","SD","IQR","Min","Max","Skewness","Kurtosis","n","n_Missing"
7605.58620689655,1627.53052455995,258.5,1850,9670,-3.27160832609274,10.4720597916911,29,0
