"Mean","SD","IQR","Min","Max","Skewness","Kurtosis","n","n_Missing"
7255.75862068965,1572.13770878045,242.5,1735,9550,-3.15138596715358,10.1190767081084,29,0
