"Mean","SD","IQR","Min","Max","Skewness","Kurtosis","n","n_Missing"
4564.28947368421,2976.94924294784,5935.25,264,9670,0.150717090987666,-1.7898149293139,76,0
