"Mean","SD","IQR","Min","Max","Skewness","Kurtosis","n","n_Missing"
4357.92105263158,2835.16518866495,5660,220,9550,0.14032647960595,-1.73422005037114,76,0
