"Mean","SD","IQR","Min","Max","Skewness","Kurtosis","n","n_Missing"
3787.52631578947,2151.04386463929,4221,378,7021,-0.365448674411461,-1.42549486179826,19,0
